comment,date,support_number,user
变相继续坑人？,今天 15:10 来自网页,348,敷尔佳吖-
这么久了还没破产吗,今天 15:09 来自网页,140,创意家居室内设计
赶紧破产吧,今天 15:08 来自网页,105,戒爱杀爱
 香香 你的💰退到手了吗？！,6分钟前 来自网页    ,0,维生素软糖w
中国法律治不了这个，搞笑,8分钟前 来自网页    ,0,吴祖养
激起民愤，还不彻查吗，家里能有多大的关系，不就一个北大学生会主席吗,9分钟前 来自网页    ,0,一身正气的好青年绝对劳得成
卧槽。虽然已经放弃那99，要不要这么狗,10分钟前 来自网页    ,0,张张张三的歌
你快给我退钱吧 别整这些没用的,10分钟前 来自网页    ,0,我想再睡会儿a
我们的押金还没有退怎么办,12分钟前 来自网页    ,0,Honey湉湉
时隔好久，进去看排队名次，不小心点错了，兑换成金币，那商城，真不知道买什么,13分钟前 来自网页    ,0,qingjiaowo大师姐
补药碧莲,26分钟前 来自网页    ,0,你好丶我是强哥
没得消费，车子都不见了,32分钟前 来自网页    ,0,怀念李丑丑
我都多久没见到小黄车了,38分钟前 来自网页    ,0,旅行的西瓜0226
以后不能相信这些骗子,42分钟前 来自网页    ,0,普通用户adu
反正工商经侦啥的都不管，那ofo当然可以随便玩了,56分钟前 来自网页    ,0,zmflying8177
唉 我的199还没退回来,57分钟前 来自网页    ,0,123骄阳
XSWL,今天 20:46 来自网页    ,0,i-Gang
终于被报道了，我等我的押金退等太久了，体验感极差，怎么还没倒闭啊？,今天 20:44 来自网页    ,0,听茵茵说她爱朱一龙
外国人就可以无条件退款，是这个企业吧…,今天 20:40 来自网页    ,0,小粒子_Paula
坑人的家伙，前几天晚上一人回家，有点害怕，刚好有一辆自行车，就下载了这个软件，当时路上没什么人，就想快点骑车回家，结果就冲了一百，现在退都退不出来,今天 20:32 来自网页    ,0,y-山清水秀
太多了，就不觉得咬了,今天 20:30 来自网页    ,0,鬼伎俩遇上小聪明
我不知道来龙去脉啊！我想问的是难道没有免押金的，非要用小黄车。比如用哈喽和青橘,今天 20:12 来自网页    ,0,你的名字叫青调
我是傻子吗,今天 20:12 来自网页    ,0,路边飞侠
我的钱还没退,今天 20:01 来自网页    ,0,一颗小橘球
我的押金199，快一年了都还没有退给我,今天 20:00 来自网页    ,0,徐徐川妹
tmd,今天 19:52 来自网页    ,0,諒BB
还好当时用一次退一次押金  总共用了两次,今天 19:49 来自网页    ,0,BlindMute
早已弃用,今天 19:34 来自网页    ,0,不吃魚的布朗熊_
就没个法能管管？？？骗人投资的好歹要社区矫正服刑！！！,今天 19:29 来自网页    ,0,swondsman130
小绿车还欠我298的押金,今天 19:29 来自网页    ,0,不知道改善名字
ofo老板拿着这些钱，全家去医院报到了：都是绝症。,今天 19:29 来自网页    ,0,zxt随风飘逝的记忆
还好我的早就退了,今天 19:28 来自网页    ,0,博主脾气不大好
ofo就是个变相的老赖而已，他们的创业初中已经被抛到九霄云外去了。,今天 19:25 来自网页    ,0,拾光的麦穗
还没有破产吗？？？,今天 19:18 来自网页    ,0,阿中哥哥的柠檬恋恋
转发微博,今天 19:17 来自网页    ,0,玉林反邪
啥时退我钱？！！！！！,今天 19:12 来自网页    ,0,这是我的日志
呵呵,今天 18:56 来自网页    ,0,67Twinkle52976
我因为押金贵 所以从来没骑过 宁可走路,今天 18:56 来自网页    ,0,z要变得很优秀
还好我退的及时,今天 18:55 来自网页    ,0,边永元
幸好,今天 18:55 来自网页    ,0,Dontgao
顶起来，让他赔,今天 18:53 来自网页    ,0,蒻小叶
请问是直接喷嘛？我......真的很缺这199,今天 18:52 来自网页    ,0,Wxyhyq_
用的时候，车子乱停乱放。我看到的满街报废的贡献单车就是小黄车，真不知道它经历了什么，骑车的人干了什么。运营不完善现在破产，退步了押金。人类头上这把达摩克利斯之剑真的会有落下的一天,今天 18:48 来自网页    ,0,Dae-魂淡
积少成多，这个小黄车，还想翻身就不能这样坑啊,今天 18:46 来自网页    ,0,她的名字很好听啊
直接骑走一辆车。,今天 18:46 来自网页    ,0,学渣Perfect
简直是无下限,今天 18:41 来自网页    ,0,鸫三
我都穷到想要回199块钱了，我还会花几千¿¿¿,今天 18:37 来自网页    ,0,琛尘一
押金不退不犯法吗？我的押金呀！妈的,今天 18:36 来自网页    ,0,轩妈香港
一天才退500个人 ,今天 18:32 来自网页    ,1,果儿弟弟_
要不要这么坑,今天 18:29 来自网页    ,0,_刘利娜_
酷骑300多都没退我,今天 18:28 来自网页    ,0,雷鬼girl
很多这样的，，，央视啊，你现在才报,今天 18:27 来自网页    ,0,成培芳同学
我（骂脏话）！我那99块的押金在我退休前能退回给我吗？！今年我25,今天 18:26 来自网页    ,0,Miss_SHAW是个怪咖
我的好像也没给退 都快给忘了c,今天 18:26 来自网页    ,0,Art艺艺
没人管吗？,今天 18:23 来自网页    ,0,风清凉_清凉的风
我是不希望ofo破产的人，我是股东,今天 18:20 来自网页    ,0,贾似道
还好走的及时，早退了,今天 18:16 来自网页    ,0,心宿一敏
有脸报道，群众的无奈是监管的笑话。,今天 18:15 来自网页    ,0,mymeng0
之前小绿坑，之后ofo坑，真是够了！,今天 18:14 来自网页    ,0,流星水冰月
ofo的老板生不了孩子！,今天 18:14 来自网页    ,0,将心来吧与汝安
当初是看着支付宝用的，马贱出来说句话,今天 18:13 来自网页    ,1,mymeng0
所以到底有没有人管呀，我的押金啥时候能退给我,今天 18:13 来自网页    ,1,章颖ying
能不能退啦，学生的钱也刮,今天 18:12 来自网页    ,0,单良的恬静
还有余额也退不了，app客服让打电话，打电话听了3分钟音乐之后就自动挂断,今天 18:10 来自网页    ,0,六十六六十六
没用过，公共单车都没骑过。。。,今天 18:10 来自网页    ,0,一只吃不胖的笨笨熊
酷骑押金算是凉凉了,今天 18:09 来自网页    ,0,京南陈哥
咋没人找支付宝呢，他赚钱时我记得是踏马东家,今天 18:07 来自网页    ,2,mymeng0
居然还没凉啊,今天 18:05 来自网页    ,0,XU_阿璟
从未见过如此厚颜无耻之人,今天 18:04 来自网页    ,2,刘凌乱
退了两年了还在排队,今天 18:02 来自网页    ,0,努力中的咸蛋超人
天天光说有意思吗？意思就是它可以随心所欲，爱怎么玩就怎么玩？,今天 17:54 来自网页    ,0,飘渺孤鸿影00
享骑小绿里还有299,今天 17:52 来自网页    ,0,sev_en柒
从没用过,今天 17:51 来自网页    ,0,燎煞
怎么办,今天 17:51 来自网页    ,0,sev_en柒
！！我的押金也没退！,今天 17:49 来自网页    ,0,果体有什麼不对
 你的还有多久？,今天 17:46 来自网页    ,0,阳阳哥的小果篮儿
图片评论 ,今天 17:43 来自网页    ,0,酷爱臭脚丫
ofo说明了要交押金的共享单车是活不久的,今天 17:39 来自网页    ,0,Jerry黎永钧
🐮的很阿  哦F哦,今天 17:37 来自网页    ,0,3年94394394
臭不要脸,今天 17:37 来自网页    ,0,拾壹的拾憶
然后呢，消费者的权益怎么维护？,今天 17:36 来自网页    ,0,封吹鸡蛋壳
其实当下的银行和小黄车不一样吗，如果大家把存的钱都取出来......,今天 17:34 来自网页    ,0,平淡的木讷先生
我的天，我打算315投诉他呢,今天 17:34 来自网页    ,0,疯狂二小妞
自行车还那么多不能好好修理下边使用赚钱边退押金吗……原来还挺喜欢用小黄车的，月卡收费比摩拜低多了个人觉得还好看，设计感觉也比摩拜座椅舒服,今天 17:33 来自网页    ,0,幸福二路
我去年的押金到现在都没退,今天 17:31 来自网页    ,0,薛洋牌尸毒粉
我真的中了他的计！！！！,今天 17:31 来自网页    ,0,earth小叮当
我排五百万,今天 17:30 来自网页    ,0,月隐云中丶
怎么能把我的押金退给我啊,今天 17:29 来自网页    ,0,谁的独家男孩
垃圾,今天 17:27 来自网页    ,0,__________呃
还有享骑，299至今未退。,今天 17:26 来自网页    ,0,溪边的树xly
我的押金啊,今天 17:25 来自网页    ,0,简单生活简单就好了
还好早就退了,今天 17:22 来自网页    ,0,无需多言ypm
真的没人能强制它退钱吗？我都要等忘记了,今天 17:22 来自网页    ,0,唤作小於菟
这样企业就该政府接管资产，直接按照资产拍卖的钱，退用户的押金！,今天 17:20 来自网页    ,0,JohnsonJiang
为什么广州幸福叮咚就没报道，欠消费者的押金可是1500呀,今天 17:19 来自网页    ,0,Kevin_Victor0801
如果我替没被退押金的人说话会不会被喷，不会我就说了，这事还有没有王法了，管不管啊，押金是什么意思ofo给我乱来,今天 17:18 来自网页    ,1,请记住20190419
我钱不要啦，赶紧破产吧，,今天 17:15 来自网页    ,0,武安雅苑·洺水湾社区
转发微博,今天 17:15 来自网页    ,0,wenjuan813
还好我机智，退的早。,今天 17:13 来自网页    ,0,Ron的一些事一些情
每次完一次小黄车就会退押金，下次用再交押金。押金是拿回来了。就充值十几块钱没办法退，也不敢再交押金去用这个十几块钱了…,今天 17:13 来自网页    ,0,LEE-EASE
还我押金，辣鸡软件,今天 17:12 来自网页    ,0,COUSLOU
我！共享汽车！幸福叮咚四月份到现在押金1500还没退还！消费者维权举办电话啥都打了！没用！,今天 17:11 来自网页    ,0,黄花花的微博
还钱！！,今天 17:10 来自网页    ,0,阳光甜橙
这样做没想过后果么，只能被骂的更厉害。,今天 17:09 来自网页    ,0,清风-玉笛
那就不管了吗？为什么不抓起来！,今天 17:09 来自网页    ,0,风流人物M
我的余额能退回来嘛,今天 17:09 来自网页    ,0,妈耶我也
押金就当喂狗了，就没想着能拿回来,今天 17:08 来自网页    ,0,居家限定柠檬茶
我的押金啥时候能退了,今天 17:07 来自网页    ,0,爱恋无声亦无情
酷骑都几年了，也没消息了，我的598啊,今天 17:06 来自网页    ,0,一生何求之梦
大骗子公司,今天 17:06 来自网页    ,0,金钱豹子3
我还有200呢  我不能理解这种明显属于诈骗行为  为什么还没有人管  我是今年五月份在南京玩的时候扫错车了  那会小黄车已经开始欠费了  为什么还能继续让人扫码,今天 17:06 来自网页    ,0,正在改脾气的娃娃
我都排到1600+万了,今天 17:05 来自网页    ,0,堂前花开旧时憬
刚被套路进去了～我的押金呀,今天 17:00 来自网页    ,0,何金Echo
199不要了，破产吧,今天 17:00 来自网页    ,0,飞飞向云海
我不打算拿回来了，就当喂狗了吧，两年几乎三年了，屁都没有见回来,今天 16:58 来自网页    ,0,Hlrrrrrr
赶紧破产吧。不小心点错了打客服问怎么返回去，回答说没办法了，只能通过购物返现提出来。流氓行为谁来管一管。,今天 16:58 来自网页    ,0,yuer姗姗
我都卸载了？押金都忘了！,今天 16:56 来自网页    ,0,这网名真牛皮
厉害，一年拖一年,今天 16:55 来自网页    ,0,没有留下任何文字
小黄车199没退，享骑电动车299也没退,今天 16:54 来自网页    ,0,吾狗子的小跟班
抓起来吧 涉嫌诈骗,今天 16:54 来自网页    ,0,玛尔马
真是垃圾,今天 16:52 来自网页    ,0,左小右Jane
没想到pfo还活着,今天 16:51 来自网页    ,0,吃啥都不瘦的胖子
不解决一下吗,今天 16:51 来自网页    ,0,在在在在水一方z
那不转换的是继续排队呢，还是不退了,今天 16:51 来自网页    ,0,happyeden
突然觉得不会骑车也是有用处的,今天 16:50 来自网页    ,0,本命年诸事顺利的猪猪绯红
这么嚣张？？？,今天 16:50 来自网页    ,0,淡如风耀如星
俺的两百块大洋可咋个办啊,今天 16:48 来自网页    ,0,我skr个坏人
骗子,今天 16:46 来自网页    ,0,秋天美成了童话
他**的，和斐讯是一个套路！,今天 16:46 来自网页    ,0,不结冰D冬天
这就是我从来不骑要押金才能用的车,今天 16:44 来自网页    ,0,YGRDXML
所有需要押金的车我都不骑,今天 16:44 来自网页    ,0,TVB主吃人
新闻都说不公平了，就是没人管，你爱买不买，想退换押金就要按着我的规则来。主持人和记者都说不公平了，还是没人管。这后台太牛,今天 16:43 来自网页    ,0,锡盟特产
中国企业ofo真缺德。。。嗯，坑国人,今天 16:42 来自网页    ,0,Alexey924
不断套路消费者，经营无诚信，这样的企业早晚倒闭,今天 16:40 来自网页    ,0,星雪豆
相关部门就这样看着？,今天 16:39 来自网页    ,0,泡打司令部
冯小刚:还有王法吗？还有天理吗？,今天 16:38 来自网页    ,0,刘宇CrazyH
要不要脸,今天 16:38 来自网页    ,0,鹿鹿鹿酷
我不知道排队后面有多少人，我是排在1千600多万的， 一个人200就是30多亿人民币！,今天 16:37 来自网页    ,0,晓钏4026
我以为小黄车早就破产了,今天 16:37 来自网页    ,0,红萍果吖
我的余额怎么退啊，,今天 16:37 来自网页    ,0,婷婷要减肥再减肥
就是不买东西，我还不信你不退了,今天 16:36 来自网页    ,0,麻黄连轺赤小豆汤
倒闭了还想挣扎一下？是监狱的饭菜太好吃？还是子弹的温度太舒服？,今天 16:36 来自网页    ,1,弹断琴弦诉不尽心伤
第一他们资产冻结，第二车子之前被多些不法之徒破坏无法再次产生效益，虽然很气，没有实行退押金，但是对于合法消费者是受害者，对ofo及其高管来说也是既是失信企业和个人，也是受害者之一，中国人整体素质和国情暂时无法有效实现这样的共享服务，只能认栽啦，当扶贫,今天 16:36 来自网页    ,0,JielyWu
这不算挪用公款么 不算非法集资 不是犯罪了么 咋不抓起来,今天 16:36 来自网页    ,0,散步的小熊猫_22385
没那资本为何要坑人,今天 16:35 来自网页    ,0,开元哥ovo
这个就没有人要管管吗？,今天 16:35 来自网页    ,0,默默守候丨
办公地点不知道，人也找不到，电话也打不通，是失联了，还是跑路了？,今天 16:35 来自网页    ,0,冯家小三哥
我那99元不要了，就当给你们公司买纸钱了,今天 16:35 来自网页    ,0,爱跑步的老男孩
坑货，,今天 16:35 来自网页    ,0,夢想家luojun
小鸣申请破产，你小黄还不申请，还继续骗钱,今天 16:33 来自网页    ,0,水月清
垃圾公司，坑害消费者，商难道没有相关的法律政策吗,今天 16:33 来自网页    ,0,清念201908
当年骑过一次过后直接退押金，现在想想太明智了,今天 16:33 来自网页    ,0,Xinyu0_0
所以“有关部门”能管管吗？,今天 16:32 来自网页    ,0,宋画伯家的蛋泥
我押金啥时候能退,今天 16:31 来自网页    ,0,就取个昵称
幸好我还没用几天就退了，万幸,今天 16:31 来自网页    ,0,hd夏微微微微微微凉
你们也不想想，再多花几千块钱你的99块就回来了，多划算，优惠力度多大，还能带动市场消费。我出两亿买ofo的头，有没有加价，没有当我没说。,今天 16:31 来自网页    ,1,博凡885
戴维潜逃了？,今天 16:31 来自网页    ,0,17岁·那年
 点名批评了，哈哈,今天 16:30 来自网页    ,0,面朝学海1069
什么,今天 16:30 来自网页    ,0,低调低调12502
退了我又能买件衣服了，赶紧的,今天 16:30 来自网页    ,0,MINER啊
且不说有多无耻 但至少退押金事件一直在持续 有多少人是“酷骑”“298”押金没退的 无人问津！！,今天 16:29 来自网页    ,0,o-v-er
有必要把锁全部打开，公共使用,今天 16:29 来自网页    ,0,MINER啊
依稀记得四年前刚入大学时，小黄车才刚刚起步，为无数大学生提供了极其便利的校园交通。再看看现在，墙倒众人推，细细想来，ofo倒闭何尝不是因为公民素质堪忧呢？如果仅仅允许校园内运营的话，又怎么会有今天？,今天 16:28 来自网页    ,6,18岁huster想上王者
怎么办，我只想要回我的199,今天 16:27 来自网页    ,0,眼弯弯笑眯眯
酷骑的押金还有希望吗,今天 16:26 来自网页    ,0,妖-柒柒
2年了199还没退来给我。,今天 16:26 来自网页    ,0,約定在_凌晨
，，,今天 16:25 来自网页    ,0,96流浪记
坑爹的小黄车，哪来的脸,今天 16:25 来自网页    ,0,星落柒海
说是一千多万人，是他们那么说，让你产生绝望感，然后拿钱买他们溢价的商品，真,今天 16:25 来自网页    ,1,Harden_time
辣鸡,今天 16:24 来自网页    ,0,我想养只猫wo
监管在干什么,今天 16:24 来自网页    ,0,打怪兽诶小飞侠
我的押金啊，想哭,今天 16:24 来自网页    ,1,_giska
这不就是非法集资吗，只不过披了个华丽的外衣,今天 16:24 来自网页    ,0,445的胖胖
麻烦,今天 16:24 来自网页    ,0,微笑信号弹
能不能告死它,今天 16:24 来自网页    ,0,春扣的影子
俺的两百块怕不是要留作遗产,今天 16:24 来自网页    ,2,跟肥肥回家
我排在1600万,今天 16:23 来自网页    ,0,P的你妈都不认识你啦
我的天,今天 16:23 来自网页    ,0,冰之樱-LT
这套路是真的多，变着法坑老百姓的钱。当老百姓是傻子吗？,今天 16:23 来自网页    ,0,专属婉儿
所以还是没有什么解决办法？,今天 16:23 来自网页    ,0,没有faith_
还好我从来不用！,今天 16:23 来自网页    ,0,小朱朱的不动产
宁愿走路也不坐小黄车坑b,今天 16:23 来自网页    ,0,板烧唐老鸭
沃出行共享汽车吞了押金1500，老板跑路了，起诉被驳回，经侦又不立案诈骗，1500没了,今天 16:21 来自网页    ,0,木小舟舟
我就不喜欢被“捆绑”的，各种剪头发充会员卡，宁愿贵点，从来不充，甚至公交卡都不用,今天 16:21 来自网页    ,0,他大舅他二舅都是他舅dy
不能管管吗,今天 16:21 来自网页    ,0,胡桃夹子biu-
当年ofo是不是还作为中国新四大发明的代表企业宣传来着？,今天 16:20 来自网页    ,0,白白白_就是让你白
诱惑我冲了149的余额，怎么退啊。,今天 16:20 来自网页    ,0,i你的小康
我还排在2亿开外,今天 16:19 来自网页    ,0,明少貞臣院
押金也不知道猴年马月能退,今天 16:19 来自网页    ,0,胡桃夹子biu-
垂死挣扎,今天 16:18 来自网页    ,0,风弈逍遥
我前年申请的退押金，到现在还没退给我。糙,今天 16:18 来自网页    ,1,晚安奥利奥-
一人一辆小黄车呗,今天 16:18 来自网页    ,0,没有关系我们只是沙雕
又退不了，谴责谴责不痛不痒,今天 16:16 来自网页    ,0,Daim木果
乖乖破产得了 还想坑人就很难看了,今天 16:15 来自网页    ,0,月桜不足的PP
还好退的早,今天 16:15 来自网页    ,0,Rebecca欢
霸王条款,今天 16:14 来自网页    ,0,徐小同
强制他们还钱,今天 16:14 来自网页    ,0,大家快来打游戏
 都忘记这回事了。,今天 16:14 来自网页    ,0,賀喜珺
谢谢央视爸爸报道！,今天 16:13 来自网页    ,0,ISSUEFOX
凉了,今天 16:11 来自网页    ,0,IAM気水
还只能在这上面买东西。还要加钱买,今天 16:10 来自网页    ,0,西柚安妮莫
？？？,今天 16:10 来自网页    ,0,背着吉它打酱油的某箱_荽香
你说小黄车有不退钱嘛，也不是他一直在退，只不过退的慢了点。,今天 16:10 来自网页    ,0,湖水蓝色的祖母绿
真的幸好当时觉得密码开锁太繁琐就退了押金,今天 16:09 来自网页    ,0,可能是芝麻皮的小笼包
我都忘了我还有钱没有退,今天 16:08 来自网页    ,0,一树桃香
我的押金还没退,今天 16:08 来自网页    ,0,Kico小雨桑丶
这个律师我真的可以,今天 16:08 来自网页    ,0,阿迎要健身
幸好能退押金靠信用分的时候，我就退了押金,今天 16:07 来自网页    ,0,今年是本命年的小猪猪
一坑还比一坑深啊！,今天 16:07 来自网页    ,0,清漓茉夏Ritanliya
我已经拖了两部卖废品了，不用退了,今天 16:07 来自网页    ,0,熊爬电线
有没有真的退的了的，举个手，好让我知道有没有希望,今天 16:07 来自网页    ,0,巧怡本本
越描越黑,今天 16:07 来自网页    ,0,Lonkson
厚颜无耻。ofo的共享单车不是创新，花样退押金模式倒是各种创新，建议多多申请专利！,今天 16:06 来自网页    ,0,笑谈财智
真得有个人出来管管了,今天 16:06 来自网页    ,0,只谈钱的王抠抠
付押金时的电子合同可没这么定过，算不算违约或者欺骗消费者了？是不是该用法律程序来严谨的核查一下。,今天 16:06 来自网页    ,0,_泽痕_
不提这事，都忘了，还我押金,今天 16:06 来自网页    ,0,永远的晓21
本以为是有诚意没能力，结果。。。,今天 16:06 来自网页    ,0,春风如我不如你
支付宝开通信用分免押金之后我第一时间就把押金退了 当初没注意同事信用分不够免押金我就把同事的小黄车押金退了她还埋怨我来着,今天 16:05 来自网页    ,0,一只彩虹猪-哼唧
去你的吧,今天 16:05 来自网页    ,0,吴先成
还好在没出问题之前 就把押金退了，  这分明就是强制性消费呀！就没相关部门管得了的吗？,今天 16:04 来自网页    ,0,微笑吧198704
我前两个月看了一下退款排名，排在十几万来着,今天 16:04 来自网页    ,0,CHIP1943DALE
我的小蓝都还没退钱给我,今天 16:04 来自网页    ,0,丫丫的小虎牙
大创有点不靠谱啊,今天 16:03 来自网页    ,0,凡哥的帆哥
还没还我的199！,今天 16:02 来自网页    ,0,没有风没有疯_
扣车,今天 16:02 来自网页    ,0,小说直播
我用哈罗,今天 16:02 来自网页    ,0,vitasqiqi
哈哈哈哈哈哈哈我记得这个套路，他这个商品是外面市场价的好几倍,今天 16:02 来自网页    ,0,鸢尾音符酱
这样的企业不倒才怪呢,今天 16:02 来自网页    ,1,阿不9180
还欠我两百块,今天 16:01 来自网页    ,0,怪不爽i
退199 需要消费1000+,今天 16:00 来自网页    ,0,超级大大CL
一年了，还是止步不前，钱啊,今天 15:59 来自网页    ,0,水瓶座譞譞
哈哈，幸亏我当时用的时候感觉200押金太多就没用。,今天 15:59 来自网页    ,0,草根Rose
放弃了，不要了,今天 15:59 来自网页    ,0,书凯周
止损，就当丢了。也可以告他们,今天 15:58 来自网页    ,0,Robot_Heart
你大爷，赶紧给爷退押金。,今天 15:58 来自网页    ,0,i_江湖戏
从未见过如此厚颜无耻之人！,今天 15:58 来自网页    ,0,o大已巴狼o
这世界上永远没有百分之百的事，所以当时果断不给交押金,今天 15:58 来自网页    ,0,赵爱李小野兽
骗子,今天 15:57 来自网页    ,0,Mucle还是支持拜仁慕尼黑
呵呵总之当时我就不信，真的就出这事了，当时朋友们说不会不退押金的，这么大个公司，要上市了呢，我说你们不信是吧，走着瞧，果然套路出来了,今天 15:56 来自网页    ,0,赵爱李小野兽
奸诈,今天 15:56 来自网页    ,0,不吃生葡萄的狐狸
一人一辆车拖回去，谁叫他先毁约的,今天 15:56 来自网页    ,0,我爱圣徒10
...,今天 15:56 来自网页    ,0,橙子的小太阳呀
又开始变相赚钱了是吗？,今天 15:56 来自网页    ,1,SNH48-老顽童
无语,今天 15:55 来自网页    ,0,ROY北方有佳人
这公司也太贱了吧,今天 15:55 来自网页    ,0,先随便就这么起个名儿吧
当初要押金我就不骑小黄车，现在想想真的机智,今天 15:55 来自网页    ,0,0莫心0
很明显ofo就是在骗！用各种手法继续骗！！！,今天 15:54 来自网页    ,0,吾就是我
呜呜呜我的199,今天 15:54 来自网页    ,0,胖胖胖胖鲤鱼
算啦算啦手机号都换了 绑定的钱送给你了 算我倒霉,今天 15:54 来自网页    ,1,业余背锅选手阿难
为什么没有强制执行？,今天 15:53 来自网页    ,0,痴人说梦HB
这就是营销模式，营销手段，,今天 15:53 来自网页    ,0,物是人非lnzz
官宣…,今天 15:53 来自网页    ,0,lzqkof
为什么不能抓起来,今天 15:53 来自网页    ,0,本膳料理
排了一年还有九百多万，这是要十年后再退钱？,今天 15:53 来自网页    ,0,橘猫与柴犬12138
记得当时有人说押金问题国家应该出台监管政策，但是很多网友反对说管的宽，现在好了，估计全都打水漂了！,今天 15:52 来自网页    ,0,高高兴兴上学去啦
之前还被光荣列为新四大发明,今天 15:52 来自网页    ,1,一只学医的
押金依旧没有退回来,今天 15:52 来自网页    ,0,植化家的科研狗
没有人管吗，押金押金不是这么玩的,今天 15:52 来自网页    ,0,默路前行
明目张胆，丧心病狂的坑人～早该管管了啊，百姓不容易,今天 15:50 来自网页    ,0,治藩
赶紧破产清算，就算平均下来能给我退一块钱我也乐意。因为不爽被骗,今天 15:50 来自网页    ,0,行走在边缘的边缘
我就想问问法人可判死刑了？,今天 15:49 来自网页    ,0,牵住_你的手1314
这不能管管了吗还让他上天了,今天 15:49 来自网页    ,0,坎坎坷坷kj
最无耻就是ofo,今天 15:49 来自网页    ,0,偶尔有点傲娇的女子
我的99块,今天 15:48 来自网页    ,0,土豆不是马铃薯hh
这一环套一环，是想坑死消费者呀,今天 15:48 来自网页    ,0,夜半三更要读书
我的还没退,今天 15:48 来自网页    ,0,玄阿珍
希望尽快看到相关部门出来解决这个问题，而不是让我们看到一条这样的新闻,今天 15:48 来自网页    ,0,禾De末端
不退钱不说了还要倒坑一扒再花一千、是个狠人,今天 15:48 来自网页    ,0,一个好多字的名字
流氓难治,今天 15:48 来自网页    ,0,1993空城
我只想要回我的199,今天 15:47 来自网页    ,0,二十二周岁
还好最早之前看小黄不顺眼退的快,今天 15:47 来自网页    ,0,AngelChen-1946
？？？,今天 15:47 来自网页    ,0,mozhuisuo
说出了我们的心声,今天 15:46 来自网页    ,0,张仙斐
我都申请一年了，没有退我。,今天 15:46 来自网页    ,0,不爱皮蛋的瘦肉粥
你们都是幸运儿 我这儿有理发卡 健身卡 孩子学英语 几笔数字币 暴风影音的股票 缅甸抗回来的原石 几十双球鞋 香港户口的小孩,今天 15:46 来自网页    ,0,弩哥诺曼
还我钱,今天 15:45 来自网页    ,0,YDorr
不知道别人怎么看，我是觉得ofo的自行车是真的不好用，不是车闸不灵就是脚蹬子车链子坏了，还有个离车五米以外还车要收费20块的规定，我现在就算时间再赶，看到ofo都不去骑,今天 15:45 来自网页    ,1,81禁少恭-沉迷加班的死宅
过分！！！,今天 15:45 来自网页    ,0,xuanSo
好垃圾的公司，果然债权人都是孙子,今天 15:44 来自网页    ,0,Yun_Cheung
真的没有人管吗,今天 15:44 来自网页    ,0,不知道改什么微博名的我
感谢央视爸爸,今天 15:44 来自网页    ,0,南江有汜
一个典型的把好事做成坏事的案例,今天 15:44 来自网页    ,0,清轻说课
到现在都没人管？,今天 15:43 来自网页    ,0,靠意念减肥的小胖子
芜湖的易开出行，请也关注下！本人2000元的押金，已经提出申请退回4个月了，还未退还！,今天 15:43 来自网页    ,0,兔子_慢生活
当时某拜第一时间免押的时候ofo就退了卸载，后来dd套餐不限区域的时候某拜也拜拜了,今天 15:43 来自网页    ,0,你提交昵称不可以用
会玩,今天 15:42 来自网页    ,0,VO哈利波特
曝光的好。我还想曝光一下享骑出行（绿色共享电动车）🙃🙃🙃🙃🙃都是坑啊，心疼人命币,今天 15:42 来自网页    ,0,休与夏天
没人管管？,今天 15:42 来自网页    ,0,只想当条咸鱼的人士
没人管？居然还让这种没有诚信的公司存活着，又不是投资赔了自己认，，当初收的是押金，不用了就随时可以退才对，骗了一千多万人都不抓他，老百姓搬他一辆车抵贷款立马警察就来了,今天 15:41 来自网页    ,0,I虎由
很好，为客户着想,今天 15:41 来自网页    ,0,哈星618
采取措施吧！诈骗！,今天 15:40 来自网页    ,0,channel0401
还好各个平台的押金我都提前退了,今天 15:40 来自网页    ,0,Bluepurplesnowbud
买了之后退货呗,今天 15:40 来自网页    ,0,白日梦先生C
真不要脸！,今天 15:40 来自网页    ,0,欲把西湖比惜君君V5
哈哈啊哈哈哈啊,今天 15:40 来自网页    ,0,一席君华
没人处理吗？已经排了1年多了，排队顺序丝毫未见少，押金就这么挂着坑老百姓么？,今天 15:39 来自网页    ,0,不想取昵称的小姐姐
这个吞了消费者的钱，还要装好人的节奏，很想骂人,今天 15:38 来自网页    ,0,蜡烛纸儿
ofo套路太深，押金追不回来，购物退押金还是个套，这个购物套ofo不用出一分钱，还可以对购物平台收取引流费。,今天 15:38 来自网页    ,0,食味珍农业
这怎么搞得,今天 15:38 来自网页    ,0,我爱蛋糕甜甜圈
就差直接抢劫了，这样的情况有关部门不管，让普通人民怎么办，社会会越来越乱,今天 15:38 来自网页    ,0,仿佛看见五千年
以前 免押金的时候 我冲了100  后来又要押金了  不充押金 这100也不能用 我该怎么操作,今天 15:38 来自网页    ,0,fgregrtetrbff3r554t
什么时候能真正退款？,今天 15:37 来自网页    ,0,蜡烛纸儿
99块钱不要了,今天 15:37 来自网页    ,0,战略忽悠局低级特工
那你们管么,今天 15:37 来自网页    ,0,Pas小cal
都去法院申请强制破产,今天 15:37 来自网页    ,2,我哭豺狼笑
用车抵押，收两车不行吗？,今天 15:36 来自网页    ,0,有梦人家75
变相不还钱! 监管部门呢？,今天 15:36 来自网页    ,0,Jasmine_楊
我的押金还有望拿回来吗,今天 15:36 来自网页    ,2,神农之杖
还钱呀，👿👿👿👿,今天 15:36 来自网页    ,0,视你我的宝
 哈哈哈哈哈哈哈哈哈哈哈哈哈,今天 15:36 来自网页    ,0,我超快乐滴嘻嘻
不老实 又再割韭菜,今天 15:36 来自网页    ,0,BJ樰风z
交押金的都不用，骗钱,今天 15:36 来自网页    ,0,潇湘夜雨999999
还好我早就退了押金,今天 15:36 来自网页    ,0,耶耶耶-猪猪
我更亏押金拿不出来算了我把APP卸掉了又扣我一百,今天 15:36 来自网页    ,0,生姜豆子包饺子
转发微博,今天 15:35 来自网页    ,0,中华门在线
可以告他欺诈,今天 15:35 来自网页    ,0,六命天
我199放到现在都没动,今天 15:35 来自网页    ,0,与你没有故事
大连 好像很久没见共享单车了呢,今天 15:35 来自网页    ,0,步步imayday
盼达用车，大家都别用了,今天 15:34 来自网页    ,0,朕三省
押金和余额都不知找谁要，他们家车已经基本上不能骑了，国家应该强制执行啊，数额这么大,今天 15:34 来自网页    ,4,konahappy
盼达用车也不退钱了,今天 15:34 来自网页    ,0,朕三省
这种流氓行为没人管管吗？,今天 15:33 来自网页    ,0,开心的梦居宝er
还是没人管,今天 15:32 来自网页    ,0,别花椒我
ofo是什么？,今天 15:32 来自网页    ,0,是我就是我葫芦娃
确定不处理一下？,今天 15:32 来自网页    ,2,是你的拾玖呀
所以呢 到什么时候大家的钱才能拿回来,今天 15:32 来自网页    ,0,旖旎一二
我的押金也还没有着落。ofo狗太坑了,今天 15:32 来自网页    ,0,西城的城西
就是不退，而且相关部分还不管，你品，你细品。,今天 15:32 来自网页    ,1,尼古拉斯刘安迪
Ofo小黄车的押金未退回的用户，去废品收购站咨询一下小黄车回收多少钱一辆，根据押金金额骑相应数量车辆去偏僻的处，然后等，等破产无人为押金负责后，处理车辆。,今天 15:31 来自网页    ,0,定位价值投资可凡
农村孩子没用过，城市套路深，我还在农村。,今天 15:31 来自网页    ,0,永不言弃60921
坑货，骗子,今天 15:31 来自网页    ,0,成为最好的女孩
想退余额，然而现在貌似没有退余额的渠道，连队都没的排。。。。。,今天 15:31 来自网页    ,0,莫奈的天边
所以从来没有用过这些东西的人就挺好,今天 15:31 来自网页    ,0,拥有小柴爸的詹老师
债主也是资源，哈哈哈,今天 15:30 来自网页    ,0,星落入梦凉
哈哈哈这波操作简单的解释就是自己还自己的钱,今天 15:30 来自网页    ,0,一个好多字的名字
小明单车至今未退押金,今天 15:30 来自网页    ,0,michael_5915
我的199元，想消费都不可能，因为路上已经看不到小黄车了,今天 15:30 来自网页    ,0,乐作人生做自己
还钱,今天 15:29 来自网页    ,0,Lorraine阳光下
跪求管管吧,今天 15:29 来自网页    ,0,抱抱影子不孤单
早就没想着找回来了，之前租房公寓破产几千押金也没退，租房对接人拍拍屁股辞职了，换工作期间青黄不接的，真气人,今天 15:29 来自网页    ,0,air_nov
这不算非法集资？戴威到底为什么这么牛？,今天 15:29 来自网页    ,0,绝地反击Star
套路太多 能把钱还我不,今天 15:28 来自网页    ,0,岁月静好莔rz
只曝光，不解决？,今天 15:28 来自网页    ,0,Hook小王子
ofo公司你们还能要点脸吗？真是不要脸到极点！,今天 15:28 来自网页    ,1,鲨鱼兄
返利购物很多人做，你一个公司本来就是欠用户押金的，现在利用用户退押金做返利购物模式也是不要脸，等于根本没打算还用户押金。（本来返利模式五花八门靠着下线做销量得提成，这利用客户资源走其它生财之道，不懂的还真以为返利出来的是之前的押金，呵呵）,今天 15:27 来自网页    ,1,花落丶夏
没人管管？,今天 15:27 来自网页    ,0,程丫萌
其实公司早名存实亡了，zf不希望走破产，担心有一两千万人的押金会激发矛盾，靠时间慢慢消磨淡化,今天 15:26 来自网页    ,0,逍遥de魂0412
想退押金先消费，不退押金车归我🐶,今天 15:26 来自网页    ,0,该用户因违反美国霸权政策被查封
我的甚至没有退款这个选项！！！,今天 15:26 来自网页    ,0,星要被放出来了
想起ofo那段时间一直说退不出押金，我同事又往里面充了199骑了一回，,今天 15:26 来自网页    ,0,WO_IDK
监管部门是不是管不了咯,今天 15:26 来自网页    ,0,Atowp
所以到底什么时候能退 哎,今天 15:25 来自网页    ,0,小裁缝不是我
还好我当初退的早,今天 15:25 来自网页    ,0,远山的木木
真是要命了,今天 15:25 来自网页    ,0,小戴鱼
过分了啊,今天 15:25 来自网页    ,0,大长腿的冷静哥
本来共享单车的出现是方便大家的出行。可是现在因为押金问题，带给人们的感受却不是很好。,今天 15:24 来自网页    ,0,左手无名指712
诈骗罪谢谢,今天 15:24 来自网页    ,0,VVVVVVVilla
已经一年了还没退回来，等的好着急，有没有有关部门解决一下啊,今天 15:23 来自网页    ,0,二月初惊见草芽4274
昨天下班才在广播里听到这个，今天又看到了,今天 15:23 来自网页    ,0,关于后来丶
这钱不应该让高管还吗？他们拿我们的钱干嘛去了？,今天 15:23 来自网页    ,0,糖分LLL
还好我早就把他退了不用了,今天 15:23 来自网页    ,0,旅行的意義X
推进治理体系和治理能力现代化,今天 15:23 来自网页    ,0,云中鹿之介1
感谢哈罗单车，让我因为觉得哈罗单车很好骑所以退掉了小黄车，早早的拿回了押金,今天 15:23 来自网页    ,0,_水凝烟_
套路啊,今天 15:23 来自网页    ,1,Zero_01234
此时，一名酷奇自行车未退押金的用户嘿嘿路过,今天 15:22 来自网页    ,0,落鱼飞花
希望央视为我们老百姓做主啊/哭天喊娘  就要199 就行 19 块钱我不要了🙃,今天 15:22 来自网页    ,0,Hm丑小鸭历险记
我的押金🙃🙃,今天 15:22 来自网页    ,0,其实·就如
这难道不是欺诈吗？,今天 15:22 来自网页    ,0,NessenceGo
我的同龄人，欠我99,今天 15:22 来自网页    ,1,链家彭于晏
OFO宁要点脸行吗?,今天 15:22 来自网页    ,0,追逐繁星的德强
r然后呢 这公司还不取缔？老子就当被骗了200 只求它赶紧倒闭清算好吧,今天 15:22 来自网页    ,0,鱼潮000
希望有关部门处理一下这个骗子，还想骗钱。去年的押金到现在还一直排队等候，我都等起一年半了，ofo也没解决个什么毛线,今天 15:21 来自网页    ,0,静默缘遇
哇哦，这套路！死多少脑细胞想出来的呀？,今天 15:21 来自网页    ,0,善良大玉儿
我奉劝大家那押金就当给他们买棺材了，别要了，反正上面都管不了，省的让他们继续变相坑人！,今天 15:21 来自网页    ,0,蘭_霆_序
不还钱还变着法坑钱咯,今天 15:21 来自网页    ,1,凤姐今天读书了吗
我觉得我的100块是要不回来了,今天 15:21 来自网页    ,0,邓欢欢邓
很奇怪这个共享是怎么做下去的,今天 15:20 来自网页    ,0,太黄师叔
【我酷骑至今没退钱】,今天 15:20 来自网页    ,2,冬梦_予未来
现在谁还扫这种要押金的共享单车,今天 15:20 来自网页    ,0,丧失暴龙受丶
和某些房地产业一样骗人没有恶报,今天 15:19 来自网页    ,0,否极泰来会好滴
事实证明只要你欠的人足够多，欠的数额足够大，就拿你没办法了,今天 15:19 来自网页    ,0,七ee
怎么退押金？,今天 15:19 来自网页    ,0,Antares伯爵
还好当时及时退了押金，估计没退成功的都没戏了,今天 15:18 来自网页    ,0,A跨境电商达人
我还有113的余额根本没有地方可以退,今天 15:18 来自网页    ,0,猫的冥想
套路,今天 15:18 来自网页    ,0,赤心木200201
